<?xml version="1.0" encoding="utf-8"?>
	<root>
		<item name="UnityData/Managed/Metadata/global-metadata.dat" md5="78642c5e2913e1893b7913186d1f8f82"/>
		<item name="comlibs/arm64-v8a/liblogic.bytes" md5="8284e60148f38514b3f25ace5ff118dc"/>
		<item name="comlibs/armeabi-v7a/liblogic.bytes" md5="016202e922a2e521622174413eaf5948"/>
		<item name="android/lua/logic.unity3d" md5="ffd26daad71fad44318752ad7d1c0b8d"/>
		<item name="Art/android/ArtResource.unity3d" md5="bd2dec53e53064a0c62881d952763bee"/>
		<item name="Document/android/Document.unity3d" md5="eb2e1999e975cfca13f8f31ac7d6a89a"/>
		<item name="comlibs/x86/liblogic.bytes" md5="65e3fcf9d0766072fe8720e066c1b9a5"/>
		<item name="EXCLUDE_GlobalMeta/global-metadata.armv7.dat" md5="78642c5e2913e1893b7913186d1f8f82"/>
		<item name="EXCLUDE_GlobalMeta/global-metadata.arm64.dat" md5="78642c5e2913e1893b7913186d1f8f82"/>
		<item name="EXCLUDE_GlobalMeta/global-metadata.x86.dat" md5="78642c5e2913e1893b7913186d1f8f82"/>
	</root>
