<?xml version="1.0" encoding="UTF-8"?>
	<root>
	<mode name="ArenaMode" modeid="380" realversion="267.1" prev_version="265.1"/>
	<mode name="ChessPlayerRes" modeid="0" realversion="345.1" prev_version="343.1"/>
	<mode name="CloneImbaMode" modeid="360" realversion="285.1" prev_version="283.1"/>
	<mode name="CloneImbaOneRoadMode" modeid="390" realversion="265.1" prev_version="263.1"/>
	<mode name="CloneMode" modeid="220" realversion="269.1" prev_version="267.1"/>
	<mode name="CommonRes" modeid="0" realversion="239.1" prev_version="237.1"/>
	<mode name="CustomRoomMode" modeid="999" realversion="133.1" prev_version="131.1"/>
	<mode name="DayBreakMode" modeid="400" realversion="249.1" prev_version="247.1"/>
	<mode name="DeathRacingMode" modeid="230" realversion="269.1" prev_version="267.1"/>
	<mode name="DefenceMode" modeid="320" realversion="273.1" prev_version="271.1"/>
	<mode name="DisOrderMode" modeid="130" realversion="173.1" prev_version="171.1"/>
	<mode name="EvolutionMode" modeid="270" realversion="267.1" prev_version="265.1"/>
	<mode name="HotHeroMode" modeid="420" realversion="199.1" prev_version="197.1"/>
	<mode name="ImbaMode" modeid="260" realversion="285.1" prev_version="283.1"/>
	<mode name="Imbaskill1_Mode" modeid="1006" realversion="133.1" prev_version="131.1"/>
	<mode name="MagicChess" modeid="340" realversion="355.1" prev_version="353.1"/>
	<mode name="Mapmode1_Win1_Mode" modeid="1000" realversion="133.1" prev_version="131.1"/>
	<mode name="Mapmode2_Win1_Mode" modeid="1001" realversion="133.1" prev_version="131.1"/>
	<mode name="Mapmode3_Win1_Mode" modeid="1002" realversion="133.1" prev_version="131.1"/>
	<mode name="Mapmode4_Win1_Mode" modeid="1003" realversion="133.1" prev_version="131.1"/>
	<mode name="Mapmode5_Win1_Mode" modeid="1004" realversion="133.1" prev_version="131.1"/>
	<mode name="Mapmode6_Win1_Mode" modeid="1005" realversion="133.1" prev_version="131.1"/>
	<mode name="MonsterRes" modeid="0" realversion="265.1" prev_version="263.1"/>
	<mode name="OverDriveHeroMode" modeid="440" realversion="139.1" prev_version="137.1"/>
	<mode name="PartyMode" modeid="410" realversion="203.1" prev_version="201.1"/>
	<mode name="ResHotFix" modeid="0" realversion="227.1" prev_version="225.1"/>
	<mode name="RogueMobaMode" modeid="430" realversion="103.1" prev_version="101.1"/>
	<mode name="ScrambleMode" modeid="280" realversion="277.1" prev_version="275.1"/>
	<mode name="SurvivalMode" modeid="200" realversion="205.1" prev_version="203.1"/>
	<mode name="ThemeParkMode" modeid="500" realversion="175.1" prev_version="173.1"/>
	</root>
